pair,leg_x,leg_y,sector,direction,entry_date,exit_date,holding_days,entry_z,exit_z,hedge_ratio,half_life,pnl,exit_reason
KBE_IAI,KBE,IAI,FINANCIALS,SHORT,2010-04-06,2010-04-29,17,2.0259819357711875,1.0603800166266186,1.1513248086480323,8.75111304967419,2.2128286072750782,max_holding
EWU_EWQ,EWU,EWQ,EUROPE,SHORT,2010-04-16,2010-05-04,12,2.3680403293990517,2.411217877580544,0.9871937579496305,6.455806101579485,-149.8831343569232,max_holding
XLY_XRT,XLY,XRT,CONSUMER_DISC,SHORT,2010-04-15,2010-05-06,15,2.0407901852156924,0.03245185309833962,0.7542927071836641,13.220005897924523,12.799715172520735,convergence
EWQ_EWL,EWQ,EWL,EUROPE,LONG,2010-05-06,2010-05-10,2,-4.980326179468041,-0.44495453257098927,1.1120283439561278,6.150057843900465,244.48213116019798,convergence
EWU_EWQ,EWU,EWQ,EUROPE,SHORT,2010-05-04,2010-05-20,12,2.411217877580544,0.40159029958750303,0.9871937579496305,6.455806101579485,111.77556269141714,max_holding
EWQ_EWL,EWQ,EWL,EUROPE,LONG,2010-05-12,2010-05-21,7,-2.0250709862185605,0.007401764586787833,1.1120283439561278,6.150057843900465,83.1142090347616,convergence
EWG_EWU,EWG,EWU,EUROPE,SHORT,2010-05-12,2010-05-26,10,2.393630730388142,-0.16845548324457124,0.959418377596196,5.1524661102392395,73.62465725094606,max_holding
KBE_IAI,KBE,IAI,FINANCIALS,SHORT,2010-05-11,2010-06-02,15,2.0015366296611607,0.33076738118226523,1.1513248086480323,8.75111304967419,146.80631111568076,convergence
VGK_EWL,VGK,EWL,EUROPE,SHORT,2010-05-21,2010-06-03,8,2.0127795966033366,0.2775946326017106,1.1493583890371042,8.273978147465268,57.77613763317619,convergence
EWU_EWQ,EWU,EWQ,EUROPE,SHORT,2010-06-04,2010-06-15,7,2.0697119992844204,-0.07809961496162138,0.9871937579496305,6.455806101579485,244.26785495134482,convergence
EWQ_EWL,EWQ,EWL,EUROPE,LONG,2010-06-04,2010-06-15,7,-2.5246920383016986,-0.21829242944253582,1.1120283439561278,6.150057843900465,159.57535395549928,convergence
XLY_XRT,XLY,XRT,CONSUMER_DISC,SHORT,2010-06-21,2010-06-24,3,2.111825070492867,0.10156553664403452,0.7542927071836641,13.220005897924523,89.15570683887597,convergence
XLY_XRT,XLY,XRT,CONSUMER_DISC,LONG,2010-06-30,2010-07-08,5,-2.0450678946540446,-0.20957218718425147,0.7542927071836641,13.220005897924523,80.57482568326168,convergence
VGK_EWL,VGK,EWL,EUROPE,LONG,2010-06-28,2010-07-13,10,-5.238267862887816,-0.45087927649210385,1.1493583890371042,8.273978147465268,298.09161535738326,convergence
EWQ_EWL,EWQ,EWL,EUROPE,LONG,2010-06-28,2010-07-15,12,-3.734544857070711,-0.7302222878905061,1.1120283439561278,6.150057843900465,284.48304210159216,max_holding
KBE_IAI,KBE,IAI,FINANCIALS,SHORT,2010-06-29,2010-07-19,13,2.2088094377638616,0.40384465405177433,1.1513248086480323,8.75111304967419,22.897410670779355,convergence
VFH_IAI,VFH,IAI,FINANCIALS,SHORT,2010-06-17,2010-07-29,29,2.498478524301233,0.23360184092903696,1.0479223703362872,14.580256609700431,-47.349809100995124,max_holding
XLY_XRT,XLY,XRT,CONSUMER_DISC,SHORT,2010-08-05,2010-08-12,5,2.2952261836854944,0.49763416506897795,0.7542927071836641,13.220005897924523,80.63759019382364,convergence
XLY_XRT,XLY,XRT,CONSUMER_DISC,LONG,2011-03-30,2011-04-14,11,-2.5087304957518994,-1.946103979027707,0.8015600438871172,5.816031226812846,-92.39461092599748,max_holding
KBE_KRE,KBE,KRE,FINANCIALS,LONG,2011-03-31,2011-04-18,12,-2.034241713672125,-1.8389867186847524,0.8769183308424208,6.088859880387083,-70.0739041288115,max_holding
EWT_EWY,EWT,EWY,ASIA_DEV,LONG,2011-03-30,2011-04-19,14,-3.276747590972535,-1.8851942321725488,0.9510986122103829,7.302834201561681,-57.41025188340171,max_holding
VFH_IAI,VFH,IAI,FINANCIALS,LONG,2011-04-21,2011-04-27,3,-2.4103419970560283,0.07276111431213898,0.7513838308993663,13.162862933816777,58.97659797521086,convergence
XLF_IAI,XLF,IAI,FINANCIALS,LONG,2011-04-15,2011-04-28,8,-2.7259758210193725,-0.1695013353984614,0.7763363224786131,10.479668817029296,59.45084732428673,convergence
VGK_EWU,VGK,EWU,EUROPE,SHORT,2011-04-27,2011-05-11,10,2.301540995637313,1.0205071062778635,0.9877126871892167,5.344741393986324,-5.643211328570018,max_holding
XLF_IAI,XLF,IAI,FINANCIALS,SHORT,2011-05-17,2011-05-23,4,2.567470495866097,0.38721693513154704,0.7763363224786131,10.479668817029296,75.42698137913975,convergence
VFH_IAI,VFH,IAI,FINANCIALS,SHORT,2011-05-03,2011-06-09,26,2.809704515097158,0.7461998184545477,0.7513838308993663,13.162862933816777,-0.5238340095808205,max_holding
KBE_KRE,KBE,KRE,FINANCIALS,LONG,2011-06-06,2011-06-13,5,-2.125895756997817,-0.4941043586081258,0.8769183308424208,6.088859880387083,81.52523681185988,convergence
XLY_XRT,XLY,XRT,CONSUMER_DISC,LONG,2011-06-20,2011-06-29,7,-2.7967000677265688,-0.2652600739188377,0.8015600438871172,5.816031226812846,87.91253439042164,convergence
KBE_KRE,KBE,KRE,FINANCIALS,LONG,2011-06-16,2011-07-05,12,-2.0794954300640818,-1.0788567908251345,0.8769183308424208,6.088859880387083,-12.967606976299813,max_holding
VFH_IAI,VFH,IAI,FINANCIALS,SHORT,2011-07-01,2011-07-25,15,2.0403728950215814,0.3462167758524743,0.7513838308993663,13.162862933816777,34.85064346065024,convergence
XLF_IAI,XLF,IAI,FINANCIALS,SHORT,2011-06-29,2011-07-25,17,2.119803988625056,0.09807898858042913,0.7763363224786131,10.479668817029296,34.01184858666831,convergence
KBE_KRE,KBE,KRE,FINANCIALS,LONG,2011-07-11,2011-07-27,12,-2.0923889445709065,-1.0935034494490856,0.8769183308424208,6.088859880387083,-24.0882247678495,max_holding
VFH_IAI,VFH,IAI,FINANCIALS,LONG,2011-08-05,2011-08-08,1,-2.2981206747734615,-4.3033122471894965,0.7513838308993663,13.162862933816777,-177.19863292864167,stop_loss
XLF_IAI,XLF,IAI,FINANCIALS,LONG,2011-08-05,2011-08-08,1,-2.305948256424924,-4.32966855753979,0.7763363224786131,10.479668817029296,-161.213834744637,stop_loss
VFH_IAI,VFH,IAI,FINANCIALS,LONG,2011-08-08,2011-08-15,5,-4.3033122471894965,-0.49788523543023044,0.7513838308993663,13.162862933816777,245.26228920894334,convergence
KBE_KRE,KBE,KRE,FINANCIALS,LONG,2011-08-03,2011-08-19,12,-2.275927639283242,-1.7892460463824114,0.8769183308424208,6.088859880387083,-153.1436408584634,max_holding
XLF_IAI,XLF,IAI,FINANCIALS,LONG,2011-08-08,2011-08-25,13,-4.32966855753979,-0.23546941421798984,0.7763363224786131,10.479668817029296,205.1199720299591,convergence
KBE_KRE,KBE,KRE,FINANCIALS,LONG,2011-08-22,2011-09-08,12,-2.133359232638689,-0.9281880958739095,0.8769183308424208,6.088859880387083,103.58303508812465,max_holding
XLF_IAI,XLF,IAI,FINANCIALS,LONG,2011-09-22,2011-09-29,5,-2.3070806739974765,-0.3826733517266203,0.7763363224786131,10.479668817029296,146.22801724268072,convergence
VFH_IAI,VFH,IAI,FINANCIALS,LONG,2011-09-22,2011-09-30,6,-2.224450424023943,-0.3931834644787113,0.7513838308993663,13.162862933816777,122.33387831337186,convergence
EWU_EWI,EWU,EWI,EUROPE,SHORT,2012-04-02,2012-04-10,5,2.1753921624176735,-0.03159864536623763,0.31939423751391827,5.38508961328313,197.88946039214756,convergence
EWP_EWN,EWP,EWN,EUROPE,LONG,2012-03-29,2012-04-16,11,-2.2389436106268774,-2.1099258872369826,0.9212682986793188,5.872372323707213,-268.40167097596367,max_holding
EWQ_EWP,EWQ,EWP,EUROPE,SHORT,2012-04-03,2012-04-30,18,2.077196216481165,1.5050138949348095,1.1519125195633637,9.01178160860021,-242.6763323080334,max_holding
EWP_EWN,EWP,EWN,EUROPE,LONG,2012-04-16,2012-05-01,11,-2.1099258872369826,-1.4971412031517457,0.9212682986793188,5.872372323707213,-129.45924053650677,max_holding
EWU_EWI,EWU,EWI,EUROPE,SHORT,2012-04-18,2012-05-02,10,2.6778483173748673,2.56641015454234,0.31939423751391827,5.38508961328313,-174.9155771702708,max_holding
EWH_EWT,EWH,EWT,ASIA_DEV,SHORT,2012-04-20,2012-05-07,11,2.1558440576519864,0.40838141460782085,0.8435806360539525,6.647066686906392,83.02773752288964,convergence
EWU_EWN,EWU,EWN,EUROPE,SHORT,2012-04-27,2012-05-08,7,2.496528413611111,0.1566559664184258,0.4710979215461726,5.027406625106244,119.80211657653604,convergence
EWU_EWI,EWU,EWI,EUROPE,SHORT,2012-05-02,2012-05-11,7,2.56641015454234,0.3150190064002821,0.31939423751391827,5.38508961328313,240.39176802594739,convergence
EWU_EWN,EWU,EWN,EUROPE,LONG,2012-05-17,2012-06-01,10,-2.9248948812504203,-2.0922320932355145,0.4710979215461726,5.027406625106244,-88.63918474323356,max_holding
EWH_EWT,EWH,EWT,ASIA_DEV,LONG,2012-05-17,2012-06-04,11,-2.6956560648076553,-0.462350523095248,0.8435806360539525,6.647066686906392,101.57771977770108,convergence
EWP_EWN,EWP,EWN,EUROPE,LONG,2012-05-29,2012-06-08,8,-2.066411127556913,-0.4993023192665579,0.9212682986793188,5.872372323707213,360.8000471775983,convergence
EWU_EWI,EWU,EWI,EUROPE,LONG,2012-06-01,2012-06-12,7,-2.0960083880377978,0.21405690647337824,0.31939423751391827,5.38508961328313,370.64669312288663,convergence
EWU_EWN,EWU,EWN,EUROPE,LONG,2012-06-01,2012-06-12,7,-2.0922320932355145,0.14875642025325,0.4710979215461726,5.027406625106244,280.92094874383434,convergence
EWQ_EWP,EWQ,EWP,EUROPE,SHORT,2012-05-29,2012-06-13,11,2.4548065025613215,0.39102241832602286,1.1519125195633637,9.01178160860021,396.04393457981473,convergence
EWT_EWY,EWT,EWY,ASIA_DEV,SHORT,2013-04-04,2013-04-19,11,2.255903609396748,3.180392178670538,0.8963190975894659,5.861134508198013,-238.49843795508974,max_holding
EWT_EWY,EWT,EWY,ASIA_DEV,SHORT,2013-04-19,2013-05-06,11,3.180392178670538,1.657968562967585,0.8963190975894659,5.861134508198013,29.336460008040167,max_holding
EWU_EWN,EWU,EWN,EUROPE,SHORT,2013-04-25,2013-05-16,15,2.2003080347647295,1.7758546323002973,0.6269020052943004,7.639732197056798,-98.32531940619326,max_holding
EWT_EWY,EWT,EWY,ASIA_DEV,SHORT,2013-05-08,2013-05-23,11,2.0099204049021124,0.8182611021981155,0.8963190975894659,5.861134508198013,89.4563907215592,max_holding
EWI_EWP,EWI,EWP,EUROPE,SHORT,2013-05-14,2013-06-07,17,2.201358796230143,1.075614069199528,0.7744935244718194,8.965892917483709,-39.834704357998206,max_holding
EWT_EWY,EWT,EWY,ASIA_DEV,SHORT,2013-06-25,2013-07-11,11,2.0183617446338267,1.9896287290482022,0.8963190975894659,5.861134508198013,-94.57201007850497,max_holding
EWU_EWN,EWU,EWN,EUROPE,LONG,2013-06-20,2013-07-12,15,-2.5059762993808867,-1.1248149202983868,0.6269020052943004,7.639732197056798,14.232292315677995,max_holding
EWT_EWY,EWT,EWY,ASIA_DEV,SHORT,2013-07-12,2013-07-19,5,2.004314500875764,-0.036760445524903866,0.8963190975894659,5.861134508198013,174.79064066251368,convergence
EWU_EWN,EWU,EWN,EUROPE,SHORT,2013-09-09,2013-09-30,15,2.2087773250194958,0.9693742329956926,0.6269020052943004,7.639732197056798,8.876261777879026,max_holding
XOP_OIH,XOP,OIH,ENERGY,SHORT,2014-04-16,2014-04-25,6,2.365996147292437,0.4372931787088547,1.1127426498537238,8.015689327240782,71.73413941756793,convergence
XOP_OIH,XOP,OIH,ENERGY,LONG,2014-06-27,2014-07-22,16,-2.100377875867316,-1.8554483492641127,1.1127426498537238,8.015689327240782,-153.8941827834813,max_holding
XLY_XRT,XLY,XRT,CONSUMER_DISC,SHORT,2015-04-29,2015-05-21,16,2.17390760847265,1.1252019383003244,0.8079293188693448,8.287366247157731,2.582831877663587,max_holding
VGK_EWP,VGK,EWP,EUROPE,SHORT,2016-03-31,2016-04-21,15,2.0050674639919817,0.44387984549534376,0.6479289929251333,8.41601727703915,20.442290448851683,convergence
EWJ_DXJ,EWJ,DXJ,ASIA_DEV,SHORT,2016-04-07,2016-04-25,12,2.1076019958704335,1.2140951443534318,0.7525620687965349,6.271514300868031,-9.401038984593775,max_holding
EWQ_EWP,EWQ,EWP,EUROPE,SHORT,2016-04-19,2016-04-26,5,2.2490060078227634,0.41099827595790017,0.5333710927599904,9.4180013090973,133.75435267023533,convergence
IAU_SLV,IAU,SLV,COMMODITIES,LONG,2016-04-20,2016-05-05,11,-2.083851680972371,-1.2339055610355014,0.6977183882919844,5.792865443104273,52.41600084290391,max_holding
GLD_SLV,GLD,SLV,COMMODITIES,LONG,2016-04-20,2016-05-05,11,-2.081045017030604,-1.2850421871685422,0.7016493514758871,5.82253145380678,38.35455265624972,max_holding
XLF_IAI,XLF,IAI,FINANCIALS,SHORT,2016-04-19,2016-05-05,12,2.2193296926647927,1.3358789622682743,0.6082778067062804,6.330907776686568,-8.041154676833425,max_holding
VFH_IAI,VFH,IAI,FINANCIALS,SHORT,2016-04-19,2016-05-06,13,2.00475332394704,1.4954202068478226,0.5599706092868469,6.876262268945673,-47.29838104757857,max_holding
EWJ_DXJ,EWJ,DXJ,ASIA_DEV,SHORT,2016-04-29,2016-05-17,12,2.006604566477555,0.8842755951631361,0.7525620687965349,6.271514300868031,47.79549296744047,max_holding
FEZ_EWU,FEZ,EWU,EUROPE,LONG,2016-05-18,2016-05-27,7,-2.050989113666055,-0.4772848327416867,0.8418287911069942,6.080457459852237,79.5870949731935,convergence
EZU_EWU,EZU,EWU,EUROPE,LONG,2016-05-31,2016-06-01,1,-2.1700645515853814,0.7535187261261613,0.7586753903944563,7.319257887691633,169.55862958100874,convergence
EWQ_EWP,EWQ,EWP,EUROPE,SHORT,2016-06-03,2016-06-13,6,2.2879040779155644,-0.0514769339100465,0.5333710927599904,9.4180013090973,91.58568776740378,convergence
VGK_EWP,VGK,EWP,EUROPE,SHORT,2016-06-03,2016-06-14,7,2.070775921681733,0.038920376395377036,0.6479289929251333,8.41601727703915,77.24261804546552,convergence
EWQ_EWL,EWQ,EWL,EUROPE,LONG,2016-06-14,2016-06-20,4,-3.1261852953675677,-0.49014426637541636,0.8742229020130764,5.348316557882537,115.14166940352644,convergence
EWQ_EWP,EWQ,EWP,EUROPE,SHORT,2016-06-23,2016-06-24,1,2.6733480667608314,0.10432360768954656,0.5333710927599904,9.4180013090973,154.07524693143097,convergence
VGK_EWP,VGK,EWP,EUROPE,SHORT,2016-06-21,2016-06-27,4,2.2245995005043326,-0.4564785215067116,0.6479289929251333,8.41601727703915,122.33504076542106,convergence
EWQ_EWP,EWQ,EWP,EUROPE,LONG,2016-06-27,2016-06-29,2,-2.134775166916066,-0.44845025853907405,0.5333710927599904,9.4180013090973,94.96146027884387,convergence
EWJ_DXJ,EWJ,DXJ,ASIA_DEV,SHORT,2016-06-16,2016-07-05,12,2.319409045826088,2.6543513280946494,0.7525620687965349,6.271514300868031,-228.05340596813284,max_holding
FEZ_EWU,FEZ,EWU,EUROPE,LONG,2016-06-20,2016-07-07,12,-2.2053975929116545,-2.2179092141597367,0.8418287911069942,6.080457459852237,-111.51504776939333,max_holding
XLF_IAI,XLF,IAI,FINANCIALS,SHORT,2016-06-30,2016-07-07,4,2.572445059269049,0.24093809891127024,0.6082778067062804,6.330907776686568,68.17354863618272,convergence
EWQ_EWL,EWQ,EWL,EUROPE,LONG,2016-06-24,2016-07-11,10,-3.45860124609619,-1.6974237400770837,0.8742229020130764,5.348316557882537,-40.48294011461269,max_holding
EZU_EWU,EZU,EWU,EUROPE,LONG,2016-06-22,2016-07-13,14,-2.0990206439220533,-0.8326173825662124,0.7586753903944563,7.319257887691633,-15.502826984349984,max_holding
FEZ_EWU,FEZ,EWU,EUROPE,LONG,2016-07-07,2016-07-14,5,-2.2179092141597367,-0.45259908156595896,0.8418287911069942,6.080457459852237,128.61598656212752,convergence
IAU_SLV,IAU,SLV,COMMODITIES,LONG,2016-07-01,2016-07-19,11,-2.737750979670345,-1.9482926215947707,0.6977183882919844,5.792865443104273,-113.9569432746684,max_holding
GLD_SLV,GLD,SLV,COMMODITIES,LONG,2016-07-01,2016-07-19,11,-2.799858918595666,-1.9420148090775167,0.7016493514758871,5.82253145380678,-114.50793098906829,max_holding
VFH_IAI,VFH,IAI,FINANCIALS,SHORT,2016-06-29,2016-07-19,13,2.230190103822743,1.6885882120405098,0.5599706092868469,6.876262268945673,-47.14585336672049,max_holding
EWJ_DXJ,EWJ,DXJ,ASIA_DEV,SHORT,2016-07-05,2016-07-21,12,2.6543513280946494,0.6291066840402204,0.7525620687965349,6.271514300868031,172.97826418352074,max_holding
XLF_IAI,XLF,IAI,FINANCIALS,LONG,2016-09-09,2016-09-27,12,-2.32100060946798,-1.646870195795435,0.6082778067062804,6.330907776686568,-71.88102845829773,max_holding
VFH_IAI,VFH,IAI,FINANCIALS,LONG,2016-09-13,2016-09-30,13,-2.2127055696030693,-1.6091596206210734,0.5599706092868469,6.876262268945673,-60.71983570385375,max_holding
XLF_IAI,XLF,IAI,FINANCIALS,LONG,2016-09-29,2016-10-10,7,-2.015545600992587,-0.36393860453120364,0.6082778067062804,6.330907776686568,92.53341646144736,convergence
XLF_IAI,XLF,IAI,FINANCIALS,SHORT,2016-11-09,2016-11-28,12,2.262353384961257,1.5809503294787781,0.6082778067062804,6.330907776686568,-102.92502530212298,max_holding
XLF_IAI,XLF,IAI,FINANCIALS,SHORT,2016-12-07,2016-12-23,12,2.1540279324861396,1.5835834522179861,0.6082778067062804,6.330907776686568,-81.3249553698048,max_holding
EWH_EWY,EWH,EWY,ASIA_DEV,SHORT,2017-04-10,2017-04-20,7,2.260097086944703,0.48284251071274675,1.087911225271721,7.869287278776045,109.3413208351908,convergence
EWU_EWL,EWU,EWL,EUROPE,LONG,2017-04-26,2017-05-10,10,-2.0495305037644957,-0.7660383258966263,0.958479951035514,5.111681196889326,-2.6331446464929797,max_holding
IWD_DVY,IWD,DVY,US_VALUE,LONG,2017-04-11,2017-05-11,21,-2.2102450879591387,-0.4354341540136089,1.00009748656704,12.241092040686318,-3.769005850518397,convergence
EWU_EWN,EWU,EWN,EUROPE,LONG,2017-05-04,2017-05-15,7,-2.1144726175853052,-0.36211082741167055,0.7317899899267137,6.145645617589571,117.68019208013841,convergence
EWI_EWL,EWI,EWL,EUROPE,SHORT,2017-04-24,2017-05-15,15,2.3075349375530254,2.028588482532947,0.10785626054783458,7.815676404105271,-512.8476225541987,max_holding
EWI_EWN,EWI,EWN,EUROPE,SHORT,2017-04-24,2017-05-16,16,2.2479825135714124,2.2167188326759426,0.22044516971296368,8.426753801093618,-547.2823198300877,max_holding
EWH_EWY,EWH,EWY,ASIA_DEV,LONG,2017-05-08,2017-05-30,15,-2.428866372657127,-1.4823691686205533,1.087911225271721,7.869287278776045,-76.57379800553414,max_holding
EWI_EWL,EWI,EWL,EUROPE,SHORT,2017-05-15,2017-06-06,15,2.028588482532947,1.0761590787766533,0.10785626054783458,7.815676404105271,23.648632286415822,max_holding
EWI_EWN,EWI,EWN,EUROPE,SHORT,2017-05-16,2017-06-08,16,2.2167188326759426,1.2342200643835912,0.22044516971296368,8.426753801093618,38.31184404057488,max_holding
IWD_DVY,IWD,DVY,US_VALUE,LONG,2017-05-31,2017-06-28,20,-2.0257091583358604,-0.20075435348859666,1.00009748656704,12.241092040686318,9.520066053047302,convergence
EWU_EWN,EWU,EWN,EUROPE,LONG,2017-06-21,2017-06-29,6,-2.066876485820648,-0.3842936175073719,0.7317899899267137,6.145645617589571,52.65599319629102,convergence
EWU_EWL,EWU,EWL,EUROPE,LONG,2017-06-20,2017-07-05,10,-2.6668207831736472,-1.1319341204500557,0.958479951035514,5.111681196889326,8.102165334433405,max_holding
EWU_EWL,EWU,EWL,EUROPE,SHORT,2017-09-21,2017-10-05,10,2.078949666780568,0.38161640084403253,0.958479951035514,5.111681196889326,33.49392722774196,max_holding
EWU_EWL,EWU,EWL,EUROPE,SHORT,2017-10-24,2017-10-25,1,2.2853799193998987,2.8142180338852953,0.958479951035514,5.111681196889326,-52.715900323049155,regime_break
EWU_EWL,EWU,EWL,EUROPE,SHORT,2017-10-25,2017-10-26,1,2.8142180338852953,2.071767211678239,0.958479951035514,5.111681196889326,7.80730545449779,regime_break
EWU_EWL,EWU,EWL,EUROPE,SHORT,2017-10-26,2017-10-27,1,2.071767211678239,2.2387119571750524,0.958479951035514,5.111681196889326,-34.40539898539311,regime_break
EWU_EWL,EWU,EWL,EUROPE,SHORT,2017-10-27,2017-11-02,4,2.2387119571750524,1.393205259001219,0.958479951035514,5.111681196889326,3.5675437865010835,regime_break
EWU_EWL,EWU,EWL,EUROPE,SHORT,2017-12-20,2017-12-29,6,2.1054696845607936,2.2810262359700912,0.958479951035514,5.111681196889326,-57.4524918845701,period_end
VGK_EWQ,VGK,EWQ,EUROPE,LONG,2018-04-30,2018-05-04,4,-2.2436262663485635,-0.10874253341602674,0.8204515309797383,8.356567510317502,35.43217501356764,convergence
VGK_EWQ,VGK,EWQ,EUROPE,LONG,2018-05-24,2018-06-12,12,-2.1169627390979735,-0.3067018230969377,0.8204515309797383,8.356567510317502,5.710405141886383,convergence
VFH_IAI,VFH,IAI,FINANCIALS,LONG,2018-05-29,2018-06-15,13,-2.1908736870635916,-1.9739135142970252,0.771345345878582,6.905682332870546,-18.107958956022767,max_holding
DIA_RSP,DIA,RSP,US_BROAD,LONG,2018-06-11,2018-06-29,14,-2.011822807307674,-1.3988802323520202,1.6182500857726463,7.113637816560733,-58.97914183259833,max_holding
XLY_XRT,XLY,XRT,CONSUMER_DISC,SHORT,2019-04-02,2019-04-18,12,2.17144662656418,1.9937990525357223,0.7335769138790394,6.276872037949296,-187.84845098085663,max_holding
XLY_XRT,XLY,XRT,CONSUMER_DISC,SHORT,2019-04-22,2019-05-08,12,2.244790113315735,1.0343229698132446,0.7335769138790394,6.276872037949296,78.32315058165452,max_holding
KRE_IAI,KRE,IAI,FINANCIALS,LONG,2019-04-17,2019-05-08,14,-2.278458924285634,-1.2479090359999465,1.4884903085455372,7.182875906431372,3.6516685072655335,max_holding
IJR_VBK,IJR,VBK,US_SMALL,LONG,2019-05-30,2019-06-17,12,-2.01419139199633,-2.6432352394168763,1.081618948200894,6.418177738263386,-115.84217909321622,max_holding
XLY_XRT,XLY,XRT,CONSUMER_DISC,SHORT,2019-06-07,2019-06-25,12,2.0246992818210634,1.7768887805532803,0.7335769138790394,6.276872037949296,-94.81333938621884,max_holding
KRE_IAI,KRE,IAI,FINANCIALS,LONG,2019-06-05,2019-06-25,14,-2.1041850328213205,-1.1303068579495448,1.4884903085455372,7.182875906431372,-6.403454094698844,max_holding
IJR_VBK,IJR,VBK,US_SMALL,LONG,2019-06-17,2019-07-03,12,-2.6432352394168763,-1.6955100546296664,1.081618948200894,6.418177738263386,-33.5815115307922,max_holding
IJR_VBK,IJR,VBK,US_SMALL,SHORT,2019-09-10,2019-09-26,12,3.3444750228691214,2.033013955278849,1.081618948200894,6.418177738263386,-45.840374396195884,max_holding
IJR_VBK,IJR,VBK,US_SMALL,SHORT,2019-09-26,2019-10-14,12,2.033013955278849,0.7125380165806147,1.081618948200894,6.418177738263386,38.729839355767155,max_holding
DIA_RSP,DIA,RSP,US_BROAD,SHORT,2020-03-30,2020-04-16,12,2.473448054920855,1.8319018155970848,0.9573891228524416,6.346934817383057,-71.12357991308734,max_holding
DIA_RSP,DIA,RSP,US_BROAD,LONG,2020-06-03,2020-06-19,12,-2.151713458964427,-0.6694115586471786,0.9573891228524416,6.346934817383057,44.65989705631619,max_holding
RSP_OEF,RSP,OEF,US_BROAD,SHORT,2020-06-03,2020-06-23,14,2.4508014827936426,0.41171513057807807,0.7971598639449516,8.804754669507204,201.28128396492298,convergence
EWJ_EWY,EWJ,EWY,ASIA_DEV,LONG,2021-04-20,2021-05-07,13,-2.35769382580646,-1.1641367961783697,0.5588083308279926,6.513117186127509,84.66195771580738,max_holding
EWJ_EWY,EWJ,EWY,ASIA_DEV,LONG,2021-05-12,2021-05-21,7,-2.0715406544328654,-0.24483803739374727,0.5588083308279926,6.513117186127509,171.15412394583538,convergence
LQD_IGIB,LQD,IGIB,BONDS_CORP,SHORT,2021-06-16,2021-07-01,11,2.3015121854607967,1.7673496248221119,1.0931130284642228,5.827794897848419,-32.53688362807808,max_holding
LQD_VCIT,LQD,VCIT,BONDS_CORP,SHORT,2021-06-16,2021-07-01,11,2.1492216554144132,1.871738880592079,1.117450960987107,5.677474585783511,-36.5083366919225,max_holding
IWM_VBK,IWM,VBK,US_SMALL,LONG,2022-04-29,2022-05-04,3,-2.165073746479618,-0.19191827557090516,0.6974458765524693,10.481260346298741,83.72827485359592,convergence
IWM_VBR,IWM,VBR,US_SMALL,LONG,2022-04-22,2022-05-11,13,-2.325186397391239,-3.186781437181267,0.43428582359179896,6.609803153517925,-563.1129812488242,max_holding
DIA_RSP,DIA,RSP,US_BROAD,LONG,2022-05-19,2022-05-24,3,-2.7219339687031123,0.17113950574317977,0.7861457984042977,7.186027175147106,70.17897098504051,convergence
IWM_VBR,IWM,VBR,US_SMALL,LONG,2022-05-11,2022-05-31,13,-3.186781437181267,-0.8051480099334399,0.43428582359179896,6.609803153517925,351.60618975113647,max_holding
EWU_EWI,EWU,EWI,EUROPE,SHORT,2022-06-10,2022-06-17,5,2.863846213986089,0.14049407009979342,0.8842583660989936,6.288075854728301,114.70138658842522,convergence
EWU_EWI,EWU,EWI,EUROPE,SHORT,2022-06-27,2022-07-14,12,2.22806925764971,2.979754812236183,0.8842583660989936,6.288075854728301,-223.42273447601653,max_holding
IWM_VBK,IWM,VBK,US_SMALL,LONG,2022-06-16,2022-07-18,20,-2.2092310355077602,-0.757771073269367,0.6974458765524693,10.481260346298741,-5.950639171328977,max_holding
EWU_EWI,EWU,EWI,EUROPE,SHORT,2022-07-14,2022-08-01,12,2.979754812236183,0.9495465794452678,0.8842583660989936,6.288075854728301,92.46928381324332,max_holding
IWM_VBK,IWM,VBK,US_SMALL,SHORT,2022-08-12,2022-08-30,12,2.0579856782335617,0.3862807709737646,0.6974458765524693,10.481260346298741,84.98798133974596,convergence
EWU_EWI,EWU,EWI,EUROPE,LONG,2022-09-14,2022-09-30,12,-2.2297114975258396,-1.2602747336840683,0.8842583660989936,6.288075854728301,-20.831330097977027,max_holding
IWM_VBK,IWM,VBK,US_SMALL,LONG,2022-09-30,2022-10-13,9,-2.0053592021342506,-0.18249174601053034,0.6974458765524693,10.481260346298741,147.3777162547217,convergence
EWJ_EWS,EWJ,EWS,ASIA_DEV,SHORT,2023-05-12,2023-06-09,19,2.287346060062028,1.8676183690315078,1.1065781060442081,9.846141690221737,-287.27727705199624,max_holding
VGK_EWU,VGK,EWU,EUROPE,SHORT,2023-06-28,2023-07-20,15,2.0122080993142406,-0.20711234261054418,1.2828101018099203,8.896278483766384,27.64604853781542,convergence
EZU_EWU,EZU,EWU,EUROPE,SHORT,2023-06-28,2023-07-20,15,2.8011406227026994,-0.08806117100355225,1.3642039164699205,12.919627311750563,71.44659647892354,convergence
VGK_EWU,VGK,EWU,EUROPE,LONG,2023-09-13,2023-10-06,17,-2.26986797605947,-1.2115629345333678,1.2828101018099203,8.896278483766384,-47.254918776298275,max_holding
EZU_EWU,EZU,EWU,EUROPE,LONG,2023-09-12,2023-10-17,25,-2.051113429857836,-2.045764679850636,1.3642039164699205,12.919627311750563,-206.62846085394847,max_holding
EZU_EWU,EZU,EWU,EUROPE,LONG,2023-10-17,2023-10-26,7,-2.045764679850636,-0.3916310019931827,1.3642039164699205,12.919627311750563,122.62862205814747,convergence
EWU_EWL,EWU,EWL,EUROPE,SHORT,2024-03-28,2024-04-15,11,2.5143576869323905,1.5342275459780328,0.5678285749141995,5.532446725675178,-60.38912919236004,max_holding
EWU_EWL,EWU,EWL,EUROPE,SHORT,2024-04-25,2024-05-10,11,2.196084174466025,1.7589269369239477,0.5678285749141995,5.532446725675178,-141.37039787044276,max_holding
EWQ_EWL,EWQ,EWL,EUROPE,LONG,2024-05-31,2024-06-14,10,-2.277394083451133,-4.0919026578502695,0.9673024836805407,7.301731784316772,-470.84215572471606,stop_loss
EWQ_EWL,EWQ,EWL,EUROPE,LONG,2024-06-14,2024-07-08,14,-4.0919026578502695,-1.1861627494560445,0.9673024836805407,7.301731784316772,164.72128207559146,max_holding
