pair,leg_x,leg_y,sector,direction,entry_date,exit_date,holding_days,entry_z,exit_z,hedge_ratio,half_life,pnl,exit_reason,capital_at_entry,qty_x,qty_y,entry_px,entry_py
EWU_EWQ,EWU,EWQ,EUROPE,SHORT,2010-04-05,2010-04-16,9,2.25979139191261,4.523375173746297,0.9871937579496305,6.455806101579485,-47.785440942050556,stop_loss,50000.0,-137.1663358981649,149.40912202878982,18.34350204467773,16.62474822998047
XLF_KBE,XLF,KBE,FINANCIALS,LONG,2010-04-06,2010-04-20,10,-2.399865071399833,-4.03371059717047,1.0000302001899337,7.636304255021442,-50.42324154165045,stop_loss,50000.0,247.54973271873976,-127.70540432607007,10.098828315734863,19.576601028442383
IJR_VB,IJR,VB,US_SMALL,SHORT,2010-04-19,2010-04-26,5,2.0169554457152197,4.127032906783715,0.8730392770884805,5.641026853776293,-17.63357480076772,stop_loss,49952.21455905795,-106.44462397490858,44.34298056742007,25.054407119750977,52.5069465637207
VTI_OEF,VTI,OEF,US_BROAD,SHORT,2010-04-22,2010-04-26,2,3.3702275298324764,4.504758057254826,1.103902530772375,6.55931608060191,-11.688500995221194,stop_loss,49901.791317516305,-50.343638536615686,62.63043224199909,47.11355972290039,41.80573272705078
IWB_OEF,IWB,OEF,US_BROAD,SHORT,2010-04-22,2010-04-26,2,2.881706485354066,4.268696932774332,1.0841911404442768,5.32848455590376,-11.55991433450145,stop_loss,49901.791317516305,-46.52322353023517,62.093852351470815,51.464622497558594,41.80573272705078
EWU_EWQ,EWU,EWQ,EUROPE,SHORT,2010-04-16,2010-04-27,7,2.27936740123004,4.544740781483117,0.9871937579496305,6.455806101579485,-62.8891479911158,stop_loss,49952.21455905795,-136.8716212856248,151.696759302584,18.36543083190918,16.3583927154541
IJR_VBK,IJR,VBK,US_SMALL,SHORT,2010-04-19,2010-04-29,8,2.015415226130558,4.974819371845235,0.8835258130778043,9.082709239431999,-42.9078219070879,stop_loss,49952.21455905795,-105.85199319043372,38.43786958706251,25.054407119750977,60.959739685058594
EWG_EWU,EWG,EWU,EUROPE,SHORT,2010-04-30,2010-05-04,2,2.1098642436492803,-1.1316231479594943,0.959418377596196,5.1524661102392395,33.44902922926016,convergence,49755.112357487604,-171.1738381873202,139.56906770148743,14.834507942199709,17.45538330078125
IJR_VB,IJR,VB,US_SMALL,SHORT,2010-04-26,2010-05-07,9,2.004303199214553,0.07013575143318787,0.8730392770884805,5.641026853776293,15.132777753491721,convergence,49860.90932738581,-102.30456083290314,42.60920187295733,26.020660400390625,54.54358673095703
KBE_IAI,KBE,IAI,FINANCIALS,SHORT,2010-04-06,2010-05-11,25,2.238068938510566,4.093779414029282,1.1513248086480323,8.75111304967419,-103.27808745761803,stop_loss,50000.0,-118.72077661840889,119.28985262632186,19.576601028442383,22.43150329589844
XLF_KBE,XLF,KBE,FINANCIALS,LONG,2010-04-20,2010-05-13,17,-2.129251395802907,-4.0512598335356955,1.0000302001899337,7.636304255021442,-68.7443141615668,stop_loss,49901.791317516305,242.19299212904238,-122.75912167910137,10.301916122436523,20.32539176940918
IWB_OEF,IWB,OEF,US_BROAD,SHORT,2010-04-26,2010-05-17,15,2.6522906598176768,3.359233906662825,1.0841911404442768,5.32848455590376,-9.747215144587223,max_holding,49860.90932738581,-46.33978861130047,62.020452538867694,51.626014709472656,41.820919036865234
EWG_EWU,EWG,EWU,EUROPE,SHORT,2010-05-12,2010-05-18,4,2.755172171441979,4.075823542478641,0.959418377596196,5.1524661102392395,-32.00171632880346,stop_loss,49700.416077012735,-177.37070343336555,147.2791709376006,14.300491333007812,16.523405075073242
IJR_VB,IJR,VB,US_SMALL,SHORT,2010-05-17,2010-05-20,3,2.453896645085944,-0.1318506515430525,0.8730392770884805,5.641026853776293,25.083504025552692,convergence,49621.924547706585,-106.74864275911537,45.313041425398545,24.81786155700684,51.04312896728516
VTI_OEF,VTI,OEF,US_BROAD,SHORT,2010-04-26,2010-05-21,19,2.8285552009675197,3.835874044956351,1.103902530772375,6.55931608060191,-13.994001747944175,max_holding,49860.90932738581,-50.14077776734608,62.55639814980276,47.265419006347656,41.820919036865234
EWU_EWQ,EWU,EWQ,EUROPE,SHORT,2010-04-27,2010-05-24,19,2.36067417288825,2.1089855927877283,0.9871937579496305,6.455806101579485,4.247552617470686,max_holding,49798.02017939469,-142.48896503309007,161.97084480806384,17.58695411682129,15.273459434509276
EWG_EWU,EWG,EWU,EUROPE,SHORT,2010-05-20,2010-05-25,3,2.050866649843982,0.1313176346463707,0.959418377596196,5.1524661102392395,78.82466049276277,convergence,49615.006335403334,-191.257144448622,163.27807916407772,13.239397048950195,14.878735542297363
IJR_VBK,IJR,VBK,US_SMALL,SHORT,2010-04-29,2010-05-26,19,2.873175892592374,-0.14607073442189777,0.8835258130778043,9.082709239431999,42.93999213597123,convergence,49755.112357487604,-101.16061135524556,37.11069134695983,26.11287498474121,62.89068603515625
IWB_OEF,IWB,OEF,US_BROAD,SHORT,2010-05-20,2010-05-26,4,2.396602469555716,4.734656757115862,1.0841911404442768,5.32848455590376,-17.627150033978065,stop_loss,49615.006335403334,-52.10790396288697,69.3958292869068,45.684818267822266,37.19186782836914
KBE_IAI,KBE,IAI,FINANCIALS,SHORT,2010-05-11,2010-06-02,15,2.4310538884608452,0.30539328430701707,1.1513248086480323,8.75111304967419,77.76810407429298,convergence,49700.416077012735,-117.10499409963938,122.24630988193246,19.727798461914062,21.757858276367188
VFH_IAI,VFH,IAI,FINANCIALS,SHORT,2010-04-06,2010-06-07,43,2.0348465939337768,1.038615992015606,1.0479223703362872,14.580256609700431,39.77383958521617,max_holding,50000.0,-100.03623209206287,114.0583923855556,24.406145095825195,22.43150329589844
KBE_IAI,KBE,IAI,FINANCIALS,LONG,2010-06-04,2010-06-08,2,-2.059915792759052,-0.26076847653390633,1.1513248086480323,8.75111304967419,49.55420566306271,convergence,49787.1654929419,135.7954204968213,-132.35060705224168,17.042224884033203,20.131834030151367
EWU_EWQ,EWU,EWQ,EUROPE,SHORT,2010-06-04,2010-06-11,5,2.101318903233142,0.2589144237531683,0.9871937579496305,6.455806101579485,68.24091542850655,convergence,49787.1654929419,-164.98375602698852,193.84439615709982,15.185741424560549,12.759284973144531
IWB_OEF,IWB,OEF,US_BROAD,SHORT,2010-05-26,2010-06-17,15,2.4947943319860824,2.496451238884643,1.0841911404442768,5.32848455590376,-5.291191019564607,max_holding,49709.39738886761,-52.35675455155004,70.05677661766845,45.55418014526367,36.91107177734375
VTI_OEF,VTI,OEF,US_BROAD,SHORT,2010-05-26,2010-06-23,19,2.4024588496841033,1.4012230472980152,1.103902530772375,6.55931608060191,5.205939495529658,max_holding,49709.39738886761,-56.80502520468088,70.66216758802562,41.593563079833984,36.91107177734375
EWG_EWU,EWG,EWU,EUROPE,SHORT,2010-06-21,2010-06-28,5,2.091642031078384,-0.0972213394413886,0.959418377596196,5.1524661102392395,50.063203895754825,convergence,49939.443262599125,-181.56982478533027,152.12628631807505,14.03695297241211,16.073863983154297
VFH_IAI,VFH,IAI,FINANCIALS,SHORT,2010-06-17,2010-06-29,8,2.4522698374553236,4.747498189333877,1.0479223703362872,14.580256609700431,-40.616718282332585,stop_loss,49939.443262599125,-110.06759710750484,125.86839632946595,22.15494728088379,20.30217742919922
VFH_IAI,VFH,IAI,FINANCIALS,SHORT,2010-06-29,2010-07-07,5,2.82416086458738,4.612361617290434,1.0479223703362872,14.580256609700431,-50.55909972412283,stop_loss,49954.095687708075,-116.94202662028984,135.3582223237126,20.858688354492188,18.88435173034668
XLF_KBE,XLF,KBE,FINANCIALS,SHORT,2010-06-30,2010-07-07,4,2.0500518563540804,-0.12487464583610229,1.0000302001899337,7.636304255021442,31.318832614186878,convergence,49954.095687708075,-293.26917582849785,151.35380386467784,8.516636848449707,16.502674102783203
IJR_VBK,IJR,VBK,US_SMALL,LONG,2010-06-04,2010-07-14,27,-2.3236976765703727,-1.77330627571342,0.8835258130778043,9.082709239431999,5.075788086096587,max_holding,49787.1654929419,117.2685041100485,-42.55445270034449,22.540546417236328,54.88075256347656
XLF_KBE,XLF,KBE,FINANCIALS,LONG,2010-07-13,2010-07-16,3,-2.2999339329763955,1.8167596241991582,1.0000302001899337,7.636304255021442,54.320702469458524,convergence,49934.85542059814,271.8930758317132,-136.93760608470447,9.182672500610352,18.23297882080078
VFH_IAI,VFH,IAI,FINANCIALS,SHORT,2010-07-07,2010-08-05,21,3.1426175926847075,0.33703008860005745,1.0479223703362872,14.580256609700431,99.6199815471709,convergence,49934.85542059814,-115.24089720945967,135.8640576210639,21.1584415435791,18.80679702758789
XLF_KBE,XLF,KBE,FINANCIALS,SHORT,2010-07-20,2010-08-17,20,2.8501429744483744,4.2603831069460645,1.0000302001899337,7.636304255021442,-32.572443909229015,stop_loss,49994.2519111537,-284.0437958991993,148.6823315028756,8.800314903259277,16.812692642211914
IJR_VBK,IJR,VBK,US_SMALL,LONG,2010-08-11,2010-08-23,8,-2.501094900933108,-4.549311034355767,0.8835258130778043,9.082709239431999,-26.38992571018847,stop_loss,50093.87189270087,120.50653098110003,-43.38193852443926,22.07000541687012,54.16556930541992
XLF_KBE,XLF,KBE,FINANCIALS,SHORT,2010-08-25,2010-09-27,22,2.2189398450987183,2.597078947679878,1.0000302001899337,7.636304255021442,-16.9249042518692,max_holding,50034.90952308145,-299.3800255154518,160.95053257324648,8.356294631958008,15.54380226135254
IJR_VBK,IJR,VBK,US_SMALL,LONG,2010-08-23,2010-09-30,27,-2.3167926971916555,-2.6275671537531293,0.8835258130778043,9.082709239431999,-13.482482077948717,max_holding,50034.90952308145,123.83713783339034,-44.333294487366736,21.451152801513672,52.94083404541016
XBI_IBB,XBI,IBB,HEALTHCARE,SHORT,2011-03-31,2011-04-14,10,2.2081428627873976,4.202061267257803,0.9953879383695512,5.657773271086196,-32.663489208375864,stop_loss,50004.50213675163,-116.49677239038556,77.16644109792571,21.51136016845703,32.325531005859375
KBE_KRE,KBE,KRE,FINANCIALS,LONG,2011-03-31,2011-04-15,11,-2.6821515492624273,-4.303250992998554,0.8769183308424208,6.088859880387083,-33.39551089157078,stop_loss,50004.50213675163,142.45848136032097,-121.62987341505946,18.70145606994629,19.20802116394043
XLK_IWF,XLK,IWF,US_GROWTH,LONG,2011-04-04,2011-05-03,20,-2.062136855810242,-0.964223980370477,0.9760204654256013,6.706544584340115,14.981535460308141,max_holding,50004.50213675163,118.71332908858447,-47.544520846610375,21.316612243652344,51.94887161254883
XBI_IBB,XBI,IBB,HEALTHCARE,SHORT,2011-04-15,2011-05-10,16,2.4816199293739554,2.7168511588295425,0.9953879383695512,5.657773271086196,-10.994361513941254,max_holding,49938.44313665169,-108.85953008713207,73.54718665625727,22.9901180267334,33.871463775634766
SPYG_VGT,SPYG,VGT,US_GROWTH,SHORT,2011-05-16,2011-05-23,5,2.292839651782028,4.097263716574685,0.9608822816111002,6.169464182731644,-23.177627078364615,stop_loss,49942.43031059805,-204.00983867807872,43.75366989421049,12.484381675720217,55.933738708496094
SPYG_IYW,SPYG,IYW,US_GROWTH,SHORT,2011-05-16,2011-05-24,6,2.4287194370070884,4.896616228039654,0.9763153182120972,6.101409560034407,-32.73068264663084,stop_loss,49942.43031059805,-202.41672685110032,166.81050936215863,12.484381675720217,14.790407180786133
SPYG_IYW,SPYG,IYW,US_GROWTH,SHORT,2011-05-24,2011-05-31,4,2.342979873784583,0.4866583807242709,0.9763153182120972,6.101409560034407,33.984693993266895,convergence,49886.522000873054,-203.40445167027045,169.5689556072068,12.409850120544434,14.533517837524414
XBI_IBB,XBI,IBB,HEALTHCARE,SHORT,2011-05-27,2011-06-01,2,2.2262959956293353,0.4968900770423706,0.9953879383695512,5.657773271086196,19.629879876993922,convergence,49886.522000873054,-103.8979582251433,71.362834883984,24.062950134277344,34.871944427490234
KBE_KRE,KBE,KRE,FINANCIALS,LONG,2011-06-06,2011-06-13,5,-3.044928614218815,-0.11203362905064063,0.8769183308424208,6.088859880387083,45.7122148008069,convergence,49940.136574743316,157.9339426710562,-132.14186923287753,16.847244262695312,17.657249450683594
SPYG_VGT,SPYG,VGT,US_GROWTH,SHORT,2011-05-23,2011-06-16,17,2.1970023977390705,4.186309274256115,0.9608822816111002,6.169464182731644,-36.013199601994835,stop_loss,49919.252683519684,-205.27680172914438,44.36979663457491,12.401570320129396,55.13143539428711
XLK_VUG,XLK,VUG,US_GROWTH,LONG,2011-05-25,2011-06-20,17,-2.0964782475926906,-4.174753702125113,0.9450878716458937,6.380790787123462,-30.52785850627567,stop_loss,49886.522000873054,120.87627552913996,-43.595836638532795,21.217926025390625,55.59953689575195
SPYG_IYW,SPYG,IYW,US_GROWTH,SHORT,2011-06-17,2011-06-23,4,2.3400464116273545,0.28007256850414636,0.9763153182120972,6.101409560034407,33.05691587680312,convergence,49949.83558994213,-211.29561238548368,178.76938134340477,11.961546897888184,13.803041458129885
SPYG_VGT,SPYG,VGT,US_GROWTH,SHORT,2011-06-17,2011-06-23,4,2.422250658506691,0.274031668829356,0.9608822816111002,6.169464182731644,34.16062081810294,convergence,49949.83558994213,-212.95860508532894,46.983195757057395,11.961546897888184,52.09669494628906
XBI_IBB,XBI,IBB,HEALTHCARE,SHORT,2011-06-29,2011-07-05,3,2.0112763625037324,0.1273115822844041,0.9953879383695512,5.657773271086196,9.391095427137495,convergence,49986.52526813076,-106.09489543840962,72.58743538761401,23.611909866333008,34.35235595703125
XLK_VUG,XLK,VUG,US_GROWTH,LONG,2011-06-20,2011-07-07,12,-2.175378355270811,-0.4296813898164451,0.9450878716458937,6.380790787123462,19.304062526526828,convergence,49919.30773143585,126.65894758615849,-45.30370560617751,20.26251983642578,53.5386962890625
KBE_KRE,KBE,KRE,FINANCIALS,LONG,2011-06-20,2011-07-13,16,-2.292522360972801,-4.256498613624528,0.8769183308424208,6.088859880387083,-63.37931258240349,stop_loss,49919.30773143585,156.14595679700963,-128.41509742241513,17.033050537109375,18.162107467651367
XLK_IWF,XLK,IWF,US_GROWTH,LONG,2011-06-17,2011-07-18,20,-2.0411201771494265,-0.6673837041473464,0.9760204654256013,6.706544584340115,14.0448054628652,max_holding,49949.83558994213,125.21169748931712,-49.67584885668588,20.18820571899414,49.66566467285156
XBI_IBB,XBI,IBB,HEALTHCARE,SHORT,2011-07-15,2011-07-20,3,2.2837472005420856,0.08164498184659104,0.9953879383695512,5.657773271086196,14.885080257901329,convergence,49951.84111350202,-104.65044874513006,71.90210552711807,23.921205520629883,34.65571975708008
XBI_IBB,XBI,IBB,HEALTHCARE,SHORT,2011-07-22,2011-07-25,1,2.030984328447785,-0.4703328815434795,0.9953879383695512,5.657773271086196,18.150289692954587,convergence,49980.77099922279,-102.90932406147935,70.78357938766567,24.340017318725582,35.22373962402344
XLK_VUG,XLK,VUG,US_GROWTH,SHORT,2011-07-19,2011-07-26,5,2.4993145742834653,4.468928051770152,0.9450878716458937,6.380790787123462,-25.410279566215678,stop_loss,49965.88591896489,-117.62233805341161,42.59821811940429,21.8395938873291,56.99216079711914
XLK_IWF,XLK,IWF,US_GROWTH,SHORT,2011-07-19,2011-07-26,5,2.391913133751351,5.831330835220899,0.9760204654256013,6.706544584340115,-34.80756123877914,stop_loss,49965.88591896489,-115.78107979415466,46.40673660768382,21.8395938873291,53.181434631347656
XLK_IWF,XLK,IWF,US_GROWTH,SHORT,2011-07-26,2011-08-03,6,3.100930673222925,4.025970533637911,0.9760204654256013,6.706544584340115,-17.60412040060537,stop_loss,49938.70344811075,-114.33481960091626,46.366517346938345,22.103818893432617,53.1986083984375
XLK_VUG,XLK,VUG,US_GROWTH,SHORT,2011-07-26,2011-08-04,7,2.6863112292953666,4.597131220247119,0.9450878716458937,6.380790787123462,-29.686419338787065,stop_loss,49938.70344811075,-116.15307808740747,42.38846836752079,22.103818893432617,57.24301528930664
KBE_KRE,KBE,KRE,FINANCIALS,LONG,2011-07-13,2011-08-04,16,-2.2889020667644995,-4.310157326101513,0.8769183308424208,6.088859880387083,-68.25380938755065,stop_loss,49951.84111350202,156.78296340863977,-125.83946393197866,16.97490119934082,18.5459213256836
XBI_IBB,XBI,IBB,HEALTHCARE,LONG,2011-08-02,2011-08-04,2,-2.1098422461901345,-9.516428833000019,0.9953879383695512,5.657773271086196,-71.53202268301935,stop_loss,49938.70344811075,114.93204929583193,-77.79498916703035,21.775531768798828,32.02216339111328
KBE_KRE,KBE,KRE,FINANCIALS,LONG,2011-08-04,2011-08-08,2,-2.5817753260615244,-4.787125348693205,0.8769183308424208,6.088859880387083,-80.0885240640442,stop_loss,49751.627076300785,172.88809155463662,-136.70498244292963,15.33193016052246,17.003437042236328
XBI_IBB,XBI,IBB,HEALTHCARE,LONG,2011-08-04,2011-08-08,2,-3.8317581295792342,-5.28981463282098,0.9953879383695512,5.657773271086196,-35.95685357483674,stop_loss,49751.627076300785,128.0680800684507,-84.20828286535249,19.468793869018555,29.472536087036133
XBI_IBB,XBI,IBB,HEALTHCARE,LONG,2011-08-08,2011-08-30,16,-2.862596717794948,-2.283933841619572,0.9953879383695512,5.657773271086196,20.411978624648615,max_holding,49635.5816986619,139.4707727372339,-90.5033071052163,17.83538818359375,27.35858917236328
XLK_VUG,XLK,VUG,US_GROWTH,SHORT,2011-08-04,2011-08-31,19,2.7768577248778556,0.30750106096106694,0.9450878716458937,6.380790787123462,42.64802673430941,max_holding,49751.627076300785,-126.54285499128409,46.962862819300206,20.212984085083008,51.47373580932617
XLK_IWF,XLK,IWF,US_GROWTH,SHORT,2011-08-03,2011-08-31,20,2.2114196569741202,0.7230368526376393,0.9760204654256013,6.706544584340115,25.019141971282306,max_holding,49921.099327710144,-119.93983167796138,48.96424831345512,21.063438415527344,50.35847091674805
KBE_KRE,KBE,KRE,FINANCIALS,LONG,2011-08-08,2011-09-01,18,-3.07447120894822,-1.5016753690084501,0.8769183308424208,6.088859880387083,80.01307867958609,max_holding,49635.5816986619,197.16556867217227,-153.295600517441,13.412714004516602,15.127849578857422
XLK_VUG,XLK,VUG,US_GROWTH,SHORT,2011-09-19,2011-09-21,2,2.13283959641503,4.041270509258726,0.9450878716458937,6.380790787123462,-36.46084753014276,stop_loss,49803.673924671726,-123.96696390060083,46.075169609609006,20.654571533203125,52.52032470703125
XLK_IWF,XLK,IWF,US_GROWTH,SHORT,2011-09-19,2011-09-23,4,2.0348260269406637,4.916928550755328,0.9760204654256013,6.706544584340115,-55.75068801767047,stop_loss,49803.673924671726,-122.02638696653803,50.49227942463937,20.654571533203125,48.71961975097656
XBI_IBB,XBI,IBB,HEALTHCARE,LONG,2011-09-19,2011-09-30,9,-2.15420874183794,-5.4184270879111995,0.9953879383695512,5.657773271086196,-41.423467817624584,stop_loss,49803.673924671726,122.58307140118504,-78.84011028871113,20.361207962036133,31.51223373413086
XLK_VUG,XLK,VUG,US_GROWTH,SHORT,2011-09-21,2011-10-03,8,2.902093205817491,4.404360342618015,0.9450878716458937,6.380790787123462,-36.242963247282646,stop_loss,49767.21307714158,-126.05124119394775,47.528686161569034,20.298173904418945,50.87688064575195
XBI_IBB,XBI,IBB,HEALTHCARE,LONG,2011-09-30,2011-10-04,2,-2.214170680602662,-0.29086648004306015,0.9953879383695512,5.657773271086196,35.0218251708321,convergence,49670.03892130629,129.8346855462843,-82.24200303613159,19.17239761352539,30.1276912689209
XLK_IWF,XLK,IWF,US_GROWTH,SHORT,2011-09-23,2011-10-21,20,2.61512413846588,1.7046589831713599,0.9760204654256013,6.706544584340115,26.15397939980146,max_holding,49711.46238912391,-126.46944276916794,53.530984110366695,19.89204788208008,45.86894989013672
XBI_IBB,XBI,IBB,HEALTHCARE,SHORT,2011-10-14,2011-10-27,9,2.080470453990696,4.394567879988351,0.9953879383695512,5.657773271086196,-61.40849858187388,stop_loss,49668.81778322984,-120.15974097951081,78.90948994068387,20.7155990600586,31.399274826049805
XLK_VUG,XLK,VUG,US_GROWTH,LONG,2011-11-23,2011-11-29,3,-2.281698439737838,-4.291677609212754,0.9450878716458937,6.380790787123462,-19.78666669966641,stop_loss,49633.56326404776,127.53542216226072,-47.71011931161521,20.0080795288086,50.54729461669922
XLK_VUG,XLK,VUG,US_GROWTH,LONG,2011-11-29,2011-12-06,5,-2.694776111032796,-0.40631751404077016,0.9450878716458937,6.380790787123462,19.526877518063554,convergence,49613.7765973481,124.74572601923103,-46.33120909333126,20.44736671447754,52.03093338012695
XLK_IWF,XLK,IWF,US_GROWTH,LONG,2011-11-25,2011-12-07,8,-2.0929459057383664,-0.2682623883257364,0.9760204654256013,6.706544584340115,9.371555579374192,convergence,49633.56326404776,126.21871297453214,-52.510959147295054,19.90032958984375,46.68667984008789
XBI_IBB,XBI,IBB,HEALTHCARE,LONG,2011-11-21,2011-12-14,16,-2.3968178760107874,-3.0506476352572918,0.9953879383695512,5.657773271086196,-33.80771449593434,max_holding,49633.56326404776,126.17727969910953,-79.3017436540704,19.7136459350586,31.22178649902344
XLK_VUG,XLK,VUG,US_GROWTH,LONG,2011-12-21,2011-12-30,6,-2.5624546603844287,-0.9250658297559297,0.9450878716458937,6.380790787123462,16.155692154986795,period_end,49608.86731594961,122.45274298890831,-45.240304490431114,20.82819175720215,53.280311584472656
XLK_IWF,XLK,IWF,US_GROWTH,LONG,2011-12-21,2011-12-30,6,-2.7859448600675027,-1.3389222393810367,0.9760204654256013,6.706544584340115,13.744697420665968,period_end,49608.86731594961,120.5358696455591,-49.543638771191475,20.82819175720215,49.45826721191406
VGK_EWP,VGK,EWP,EUROPE,SHORT,2016-03-31,2016-04-19,13,2.0695016383110487,4.055482285105704,0.6479289929251332,8.416017277039128,-45.36944614141524,stop_loss,49638.767705525264,-84.96321133222634,98.21954880057746,35.452884674072266,19.87064552307129
VHT_IBB,VHT,IBB,HEALTHCARE,LONG,2016-04-06,2016-04-19,9,-2.2239728648657606,1.1936875481493106,0.5612012701424328,5.1180919089516035,60.23822022944241,convergence,49638.767705525264,28.501205045112922,-19.19267846432741,111.55752563476562,92.97049713134766
VHT_IBB,VHT,IBB,HEALTHCARE,SHORT,2016-04-27,2016-05-11,10,2.0411748057955945,4.036870480641123,0.5612012701424328,5.1180919089516035,-57.75254206745012,stop_loss,49653.63647961329,-28.119202188690274,19.77336398633189,113.10691833496094,90.26725769042967
EWU_EWP,EWU,EWP,EUROPE,SHORT,2016-05-18,2016-06-09,15,2.6239047169573753,3.6990938771385284,0.7881475875431608,5.299385514668738,-25.55324600937862,max_holding,49595.88393754584,-125.6952447811341,109.24773942174862,22.065990447998047,20.009552001953125
VGK_EWP,VGK,EWP,EUROPE,SHORT,2016-06-03,2016-06-14,7,2.404955878504732,0.29839681606713414,0.6479289929251332,8.416017277039128,43.080043440808375,convergence,49595.88393754584,-82.36057368330339,95.91157428681274,36.54161834716797,20.33122444152832
EWU_EWP,EWU,EWP,EUROPE,SHORT,2016-06-20,2016-06-22,2,3.1662504277805565,4.7025222782988845,0.7881475875431608,5.299385514668738,-38.41528729763325,stop_loss,49613.41073497727,-123.9577865969441,110.98950355590173,22.38318634033203,19.70250129699707
VGK_EWP,VGK,EWP,EUROPE,SHORT,2016-06-23,2016-06-27,2,2.228904642655668,-0.7561831774920081,0.6479289929251332,8.416017277039128,86.43364932951182,convergence,49574.995447679634,-80.51042747610124,94.53957026408581,37.36560821533203,20.61759376525879
EWU_EWP,EWU,EWP,EUROPE,SHORT,2016-06-22,2016-06-27,3,2.6958888654425373,0.14402094224410678,0.7881475875431608,5.299385514668738,75.76605979326786,convergence,49574.995447679634,-121.75428124316409,110.16781448007848,22.770631790161133,19.834083557128903
VHT_IBB,VHT,IBB,HEALTHCARE,SHORT,2016-06-09,2016-06-29,14,2.1412015451164472,4.366892485155904,0.5612012701424328,5.1180919089516035,-60.3193938827033,stop_loss,49570.33069153646,-27.63183482581937,20.022320929610267,114.90877532958984,88.99531555175781
DVY_VYM,DVY,VYM,US_VALUE,SHORT,2017-04-10,2017-04-19,6,2.0132927744898454,4.452542154414961,1.1059567341200456,7.5265862643817405,-24.776023314334044,stop_loss,49676.87576291971,-35.13041085261307,43.84726262193417,67.14622497558594,59.49774169921875
FEZ_EWG,FEZ,EWG,EUROPE,LONG,2017-04-18,2017-04-20,2,-2.4460070428814342,-0.31513034781933813,0.6952027792984944,5.439212896132646,14.873911588877625,convergence,49676.87576291971,105.05518715847363,-89.7108225486939,27.89427757263184,22.70906639099121
EWU_EWN,EWU,EWN,EUROPE,LONG,2017-04-19,2017-04-24,3,-2.1224461252740965,-5.219423925407492,0.7317899899267135,6.14564561758953,-38.010026664691935,stop_loss,49652.09973960538,123.92323102506899,-91.31812779573507,23.13607406616211,22.97586441040039
VGK_EWN,VGK,EWN,EUROPE,LONG,2017-04-19,2017-04-24,3,-2.1161838107658957,0.17975315103871015,0.7972884541106761,5.659612584445838,11.902703145508752,convergence,49652.09973960538,71.36890646424868,-95.86574464401095,38.70889663696289,22.97586441040039
XLK_QQQ,XLK,QQQ,US_GROWTH,LONG,2017-04-10,2017-04-25,10,-2.154503002958554,-4.021879731981044,1.1321922073238069,8.294362836342719,-17.890792309915454,stop_loss,49676.87576291971,48.07933317622931,-21.174253239600745,48.45844650268555,124.57760620117188
EWU_EWL,EWU,EWL,EUROPE,LONG,2017-04-20,2017-04-25,3,-2.0421347434210446,-4.091654179729894,0.9584799510355139,5.1116811968892835,-22.668154588353836,stop_loss,49666.973651194254,109.24004624129644,-90.67151764127557,23.214893341064453,26.80777168273925
FEZ_EWG,FEZ,EWG,EUROPE,SHORT,2017-04-24,2017-04-25,1,3.7073732084202633,4.03949087402606,0.6952027792984944,5.439212896132646,-10.882078633787568,stop_loss,49640.866327675074,-98.42476510283352,85.3841351487036,29.75180435180664,23.842512130737305
DVY_VYM,DVY,VYM,US_VALUE,SHORT,2017-04-19,2017-05-01,8,2.1912015421855857,0.45678229419642447,1.1059567341200456,7.5265862643817405,20.1856702797568,convergence,49652.09973960538,-35.20944883810968,44.27159923804565,66.96208190917969,58.898075103759766
EWU_EWL,EWU,EWL,EUROPE,LONG,2017-04-25,2017-05-03,6,-2.560103678168486,-5.322300902309204,0.9584799510355139,5.1116811968892835,-38.66335030673949,stop_loss,49589.42530214301,106.60185419594931,-87.77337980737589,23.752273559570312,27.649682998657227
EWU_EWN,EWU,EWN,EUROPE,LONG,2017-04-24,2017-05-04,8,-2.981399730985955,-5.1350663049157435,0.7317899899267135,6.14564561758953,-40.38229332609943,stop_loss,49640.866327675074,121.22956558664697,-87.3025784983071,23.64479637145996,24.027219772338867
FEZ_EWG,FEZ,EWG,EUROPE,SHORT,2017-04-25,2017-05-05,8,2.886218586322954,4.689619475269112,0.6952027792984944,5.439212896132646,-48.520364781052635,stop_loss,49589.42530214301,-97.5773157287809,84.61101466641801,29.979097366333008,24.035436630249023
VNQ_IYR,VNQ,IYR,REITS,LONG,2017-04-27,2017-05-08,7,-2.425256762002299,-4.497916164498953,1.0219550261797539,6.650949650479345,-13.234101203625528,stop_loss,49589.42530214301,40.90205565747979,-40.13033439393991,59.96149444580078,62.45634841918945
EWU_EWN,EWU,EWN,EUROPE,LONG,2017-05-04,2017-05-10,4,-2.3090748588214165,-0.046496373802408286,0.7317899899267135,6.14564561758953,59.25078066076351,convergence,49530.56532878993,119.94249217771097,-84.698124501197,23.845420837402344,24.71102333068848
VGK_EWN,VGK,EWN,EUROPE,SHORT,2017-04-27,2017-05-16,13,2.114106240984501,4.591141547547061,0.7972884541106761,5.659612584445838,-29.368534415649993,stop_loss,49589.42530214301,-67.90606983974506,91.6857186328924,40.63148498535156,23.99302864074707
EWU_EWL,EWU,EWL,EUROPE,LONG,2017-05-03,2017-05-17,10,-2.0375324225788263,-0.1364673151670245,0.9584799510355139,5.1116811968892835,43.454929234545006,convergence,49570.94762211603,106.5943003033722,-86.5662868984019,23.745105743408203,28.02478790283203
XLK_QQQ,XLK,QQQ,US_GROWTH,LONG,2017-04-25,2017-05-26,23,-2.42536528256798,-4.423325103368765,1.1321922073238069,8.294362836342719,-24.825853289855342,stop_loss,49589.42530214301,47.000716340818386,-20.650515061849365,49.48325347900391,127.51227569580078
VNQ_IYR,VNQ,IYR,REITS,LONG,2017-05-08,2017-06-05,19,-2.042162705412566,-3.1237109900303683,1.0219550261797539,6.650949650479345,-13.404542847262647,max_holding,49468.81086280525,41.720151711078195,-40.774817310152336,58.64271926879883,61.31966018676758
VGK_EWN,VGK,EWN,EUROPE,LONG,2017-06-09,2017-06-13,2,-2.0658788356037916,-0.050029306368373654,0.7972884541106761,5.659612584445838,8.62866857776347,convergence,49503.9176421478,64.98059173153153,-87.00238859345778,42.38753128051758,25.2409725189209
XLK_QQQ,XLK,QQQ,US_GROWTH,LONG,2017-06-02,2017-06-16,10,-2.298442497077366,-0.22825653601193993,1.1321922073238069,8.294362836342719,15.814236631946553,convergence,49517.32218499506,44.380190983997124,-19.423159763892755,52.32890319824219,135.37269592285156
EWU_EWL,EWU,EWL,EUROPE,LONG,2017-06-19,2017-06-20,1,-2.1630246849878727,-4.324685350513244,0.9584799510355139,5.1116811968892835,-33.50013929938542,stop_loss,49528.36054735751,102.93087201882838,-83.15292139078836,24.569095611572266,29.15011978149414
EWU_EWL,EWU,EWL,EUROPE,LONG,2017-06-20,2017-06-27,5,-2.9556939456622495,-4.393778447431057,0.9584799510355139,5.1116811968892835,-31.783287658849428,stop_loss,49494.86040805812,104.57562568012465,-83.54071646663265,24.166318893432617,28.995180130004883
FEZ_EWG,FEZ,EWG,EUROPE,LONG,2017-06-12,2017-06-28,12,-2.3569481499980856,-0.03671857998249077,0.6952027792984944,5.439212896132646,21.118440953468294,convergence,49503.9176421478,94.83067471338013,-81.15382283717057,30.79421043395996,25.01614761352539
EWU_EWN,EWU,EWN,EUROPE,LONG,2017-06-09,2017-07-06,18,-2.0288249882199696,-2.171317495764261,0.7317899899267135,6.14564561758953,-7.4798507762284006,max_holding,49503.9176421478,116.68730298478367,-82.8752258652374,24.4974422454834,25.2409725189209
EWU_EWN,EWU,EWN,EUROPE,LONG,2017-07-11,2017-07-13,2,-2.404226722682029,-0.44661878390538806,0.7317899899267135,6.14564561758953,28.444198532968088,convergence,49476.71571057651,118.07800129706557,-82.5661633288169,24.195613861083984,25.321533203125
EWU_EWN,EWU,EWN,EUROPE,LONG,2017-07-24,2017-08-11,14,-2.311655885166472,-4.092795008269393,0.7317899899267135,6.14564561758953,-34.880354790327125,stop_loss,49505.159909109476,115.69471568542532,-79.83166430511687,24.708234786987305,26.203935623168945
EWU_EWN,EWU,EWN,EUROPE,LONG,2017-08-11,2017-09-07,18,-2.2544546607923377,-1.3396456923644056,0.7317899899267135,6.14564561758953,12.625058455965824,max_holding,49470.279554319146,116.58069217852848,-79.5390989618127,24.503183364868164,26.28178977966309
VNQ_IYR,VNQ,IYR,REITS,SHORT,2019-04-24,2019-04-30,4,2.526522900751158,-2.6938278888651714,1.0585339905405258,6.692755862808275,0.5045223699629,convergence,49482.90461277511,-35.62687917101676,35.08745355778853,67.47134399414062,72.51871490478516
VNQ_IYR,VNQ,IYR,REITS,LONG,2019-04-30,2019-05-01,1,-2.163961060217749,0.4617360403123493,1.0585339905405258,6.692755862808275,-1.254729931827002,convergence,49483.40913514508,35.43426049400362,-34.83372579764721,67.83880615234375,73.04768371582031
EZU_EWG,EZU,EWG,EUROPE,LONG,2019-04-24,2019-05-03,7,-3.2110586439237494,-4.277677326596009,0.8360265699430032,7.306906317996806,-13.686711315055195,stop_loss,49482.90461277511,80.4642891751287,-93.8402669884459,33.49446487426758,24.01082420349121
VNQ_IYR,VNQ,IYR,REITS,SHORT,2019-05-07,2019-05-15,6,2.7935991671840004,0.3642176359784576,1.0585339905405258,6.692755862808275,-0.13911647733875032,convergence,49468.467693898194,-35.81986196867688,35.31847023896041,67.0882568359375,72.02335357666016
XLY_XRT,XLY,XRT,CONSUMER_DISC,SHORT,2019-04-22,2019-05-16,18,2.064814738798807,2.4652169626165534,0.7335769138790394,6.276872037949296,-24.275483065963805,max_holding,49482.90461277511,-25.494501229810556,52.26270569792053,111.96068572998048,40.0650634765625
VNQ_IYR,VNQ,IYR,REITS,LONG,2019-05-16,2019-05-20,2,-2.2920622463182756,0.031363089066128565,1.0585339905405258,6.692755862808275,0.4729390065596615,convergence,49444.053094354895,34.899295260517995,-34.320795118190546,68.82391357421875,74.08042907714844
EZU_EWG,EZU,EWG,EUROPE,LONG,2019-05-03,2019-06-04,21,-2.199167863915592,-2.6925528021561145,0.8360265699430032,7.306906317996806,-11.211012946620162,max_holding,49468.467693898194,79.76433505517997,-92.51667919981732,33.77853012084961,24.34722900390625
XLY_XRT,XLY,XRT,CONSUMER_DISC,SHORT,2019-05-16,2019-06-06,14,2.6813794809283564,5.024775633033429,0.7335769138790394,6.276872037949296,-48.26462670535241,stop_loss,49444.053094354895,-25.915049796173044,53.97213002227678,110.05731201171876,38.7656478881836
XLY_XRT,XLY,XRT,CONSUMER_DISC,SHORT,2019-06-06,2019-06-19,9,2.4430997813950537,4.202833734650791,0.7335769138790394,6.276872037949296,-58.93650826606459,stop_loss,49385.05039370948,-26.489672499178976,56.859201846481405,107.54142761230467,36.753379821777344
VNQ_IYR,VNQ,IYR,REITS,LONG,2019-06-05,2019-06-24,13,-2.392623282572808,-0.054774074532481135,1.0585339905405258,6.692755862808275,1.6293174378412054,convergence,49433.31502041483,34.69858847564351,-34.1123080132376,69.20697784423828,74.51700592041016
VNQ_IYR,VNQ,IYR,REITS,SHORT,2019-06-28,2019-07-01,1,2.978846672378403,0.17680487557479482,1.0585339905405258,6.692755862808275,4.875992498526974,convergence,49327.74320288126,-34.734131003119025,34.3369230142487,68.98851013183594,73.87145233154297
EZU_EWG,EZU,EWG,EUROPE,SHORT,2019-06-07,2019-07-09,21,2.3315829939870323,3.3470324177677533,0.8360265699430032,7.306906317996806,-17.126206037563357,max_holding,49385.05039370948,-81.58728859359734,95.93976522403788,32.968109130859375,23.438940048217773
EZU_EWG,EZU,EWG,EUROPE,SHORT,2019-07-12,2019-08-05,16,2.024199219423563,0.48843405027420506,0.8360265699430032,7.306906317996806,17.39604992861436,convergence,49315.49298934222,-79.20874125556534,94.06124290605652,33.910274505615234,23.87337303161621
EZU_EWG,EZU,EWG,EUROPE,SHORT,2019-09-04,2019-10-02,20,2.439234684128579,0.263083044058892,0.8360265699430032,7.306906317996806,11.034201121172556,convergence,49332.889039270834,-81.58965837643775,97.95888677059776,32.93233108520508,22.93157196044922
EZU_EWG,EZU,EWG,EUROPE,LONG,2019-10-21,2019-10-24,3,-2.6234728812175168,-4.097167275449288,0.8360265699430032,7.306906317996806,-14.452894630980449,stop_loss,49343.92324039201,77.8753965827817,-91.75758951836836,34.5107536315918,24.48684310913086
EZU_EWG,EZU,EWG,EUROPE,LONG,2019-10-24,2019-11-22,21,-2.4569256836764115,-2.145691018129429,0.8360265699430032,7.306906317996806,-1.9305354308477627,max_holding,49329.47034576103,77.85258678519682,-91.34394032061502,34.5107536315918,24.590526580810547
EZU_EWG,EZU,EWG,EUROPE,LONG,2019-12-02,2019-12-03,1,-2.3892537164069942,-5.780218875334361,0.8360265699430032,7.306906317996806,-17.542945706755173,stop_loss,49327.539810330185,77.52195552183001,-90.67131518585819,34.656585693359375,24.771976470947266
EZU_EWG,EZU,EWG,EUROPE,LONG,2019-12-03,2019-12-06,3,-3.8048028875862907,0.5760225852166642,0.8360265699430032,7.306906317996806,19.063303287873563,convergence,49309.99686462343,77.60965074878065,-90.2926409119636,34.6051139831543,24.867019653320312
EZU_EWG,EZU,EWG,EUROPE,SHORT,2019-12-17,2019-12-20,3,2.631909266474102,4.156469139924742,0.8360265699430032,7.306906317996806,-17.125873332273635,stop_loss,49329.0601679113,-74.94378376100681,88.24260982449506,35.84992599487305,25.454561233520508
EZU_EWG,EZU,EWG,EUROPE,SHORT,2019-12-20,2019-12-31,6,2.444549731154389,3.393516410252616,0.8360265699430032,7.306906317996806,-16.64017918572147,period_end,49311.93429457903,-74.91776506648144,88.69367259034843,35.84992599487305,25.31631660461425
DIA_RSP,DIA,RSP,US_BROAD,LONG,2020-04-28,2020-04-29,1,-3.2339275733052872,-4.5759512593147305,0.9573891228524416,6.346934817383079,-32.69115335013442,stop_loss,49295.294115393306,11.555792432890502,-27.683092942662842,217.935791015625,87.09679412841797
VUG_VGT,VUG,VGT,US_GROWTH,SHORT,2020-04-09,2020-05-01,15,2.1495562241684305,3.036732232645909,0.7544688300342048,5.2223205638532795,-40.66481192361893,max_holding,49295.294115393306,-17.30729073483761,9.810398642303333,162.34193420410156,216.07994079589844
RSP_OEF,RSP,OEF,US_BROAD,SHORT,2020-04-29,2020-05-05,4,2.2220888483595016,0.4853349440207734,0.7971598639449516,8.804754669507204,111.81820484331966,convergence,49262.60296204317,-30.41663056056086,17.469188056857053,90.11965942382812,125.08445739746094
DIA_RSP,DIA,RSP,US_BROAD,LONG,2020-04-29,2020-05-13,10,-3.257896462323033,-0.06030684452556613,0.9573891228524416,6.346934817383079,75.3313199801107,convergence,49262.60296204317,11.296970501768337,-26.736781826335896,222.7810211181641,90.11965942382812
VUG_VGT,VUG,VGT,US_GROWTH,SHORT,2020-05-18,2020-05-26,5,2.577513101691615,4.116966060771898,0.7544688300342048,5.2223205638532795,-15.33437236155773,stop_loss,49409.08767494299,-15.53398906729305,8.71774219036505,181.29180908203125,243.72409057617188
VUG_VGT,VUG,VGT,US_GROWTH,SHORT,2020-05-26,2020-06-01,4,2.0738036364262977,4.47089383079072,0.7544688300342048,5.2223205638532795,-31.384699459287337,stop_loss,49393.753302581434,-15.324643633531137,8.604783624563426,183.7113494873047,246.846923828125
XLK_SPYG,XLK,SPYG,US_GROWTH,LONG,2020-05-26,2020-06-02,5,-2.3130217816173313,-4.094987609109358,1.6244275677985305,7.688561260462998,-43.59655997427749,stop_loss,49393.753302581434,20.42064371951104,-75.23197813645157,92.16542053222656,40.63827896118164
RSP_OEF,RSP,OEF,US_BROAD,SHORT,2020-05-27,2020-06-04,6,2.506638867713859,4.063000158990174,0.7971598639449516,8.804754669507204,-86.70553140806038,stop_loss,49393.753302581434,-29.53968942295553,16.901524097880536,93.04207611083984,129.6298065185547
DIA_RSP,DIA,RSP,US_BROAD,LONG,2020-06-04,2020-06-22,12,-2.1460500562839173,-0.11404217837890168,0.9573891228524416,6.346934817383079,49.17167766100614,convergence,49232.06651173981,10.545638941336218,-24.75588984174116,238.5052795410156,97.27043151855467
VUG_VGT,VUG,VGT,US_GROWTH,SHORT,2020-06-01,2020-06-22,15,2.130772358914218,1.8341483802141467,0.7544688300342048,5.2223205638532795,1.6571577039113121,max_holding,49362.368603122144,-14.956399956815313,8.436110748665222,188.11492919921875,251.6224365234375
RSP_OEF,RSP,OEF,US_BROAD,SHORT,2020-06-04,2020-06-24,14,2.4329664275897267,0.15356025782220817,0.7971598639449516,8.804754669507204,159.38055756706967,convergence,49232.06651173981,-28.163103562915772,16.52029101675992,97.27043151855467,132.18710327148438
XLK_SPYG,XLK,SPYG,US_GROWTH,LONG,2020-06-02,2020-06-26,18,-2.21860072566345,-0.35902878493226104,1.6244275677985305,7.688561260462998,56.08629896862607,convergence,49318.77204314787,19.880210595766435,-73.04355273210967,94.52717590332033,41.79228591918945
VUG_VGT,VUG,VGT,US_GROWTH,LONG,2020-06-26,2020-07-01,3,-2.8948173165143514,0.6232236134803119,0.7544688300342048,5.2223205638532795,52.961775855019624,convergence,49498.36220364043,14.855986041275912,-8.154716145750442,189.9081878662109,261.0223083496094
